-35.3405,56.3578,-34.5367
-33.9374,56.5916,-33.1043
-33.382,56.9863,-33.5136
-19.1464,59.2809,-34.4928
1.84157,54.1362,-36.7144
13.7387,45.4107,-36.3052
23.6042,30.0204,-36.7729
26.4542,12.2917,-35.5013
24.4081,3.17159,-36.4075
21.0319,-3.43467,-36.539
17.5826,-9.32476,-34.3321
9.63168,-16.3549,-34.639
-4.7793,-22.5519,-36.3344
-24.7881,-22.4496,-37.2552
-40.6606,-14.4402,-39.2283
-51.71,-3.49313,-38.4537
-56.8547,7.95089,-37.8837
-59.164,18.3718,-36.9921
-58.1116,28.1935,-37.2259
-54.8231,38.3221,-35.9836
-48.3338,47.0915,-36.0421
-40.6168,53.23,-40.0468
-35.7206,54.2385,-45.1476
-32.0813,55.5393,-44.6653
-26.6735,55.5393,-49.2254
-22.7565,54.7354,-51.4177
-15.2002,56.1385,-49.4446
-11.634,55.3785,-48.5969
-6.86933,55.1739,-43.5253
0.263081,54.1947,-37.7375
1.43233,53.5662,-32.3589
-4.63315,55.3055,-26.235
-12.8033,54.6039,-17.9187
-18.9272,54.4139,-16.1795
-24.905,52.9523,-13.6948
-33.1774,53.1423,-18.2695
-37.3136,51.3885,-18.4157
-38.8775,52.9377,-24.6565
-38.9944,53.6246,-28.7343
-36.9775,55.3201,-31.5843
-36.5536,54.8378,-42.6776
-37.9567,48.8161,-57.0739
-33.4405,47.9977,-62.6133
-29.8158,43.3499,-67.2464
-29.0266,36.6852,-72.1719
-26.425,32.5051,-73.9257
-25.665,22.4057,-77.6673
-26.2642,2.96697,-73.7357
-23.7796,-14.2356,-60.0117
-28.2958,-20.6811,-41.5083
-30.9412,-16.9249,-17.8018
-28.6904,-11.064,-8.08243
-28.0181,-4.42853,-2.42619
-28.0473,0.467699,0.891552
-26.1035,9.12014,4.66238
-25.855,17.5533,6.03625
-25.0073,27.185,5.17392
-22.815,37.9129,1.71003
-23.268,45.703,-5.27623
-26.4104,54.4577,-16.1795
-29.4358,56.7816,-25.3142
-31.1459,57.3224,-30.0935
-36.1736,56.2262,-34.0397
-41.9176,53.0839,-41.8883
-45.1476,47.1646,-48.4069
-46.4484,39.9298,-57.8047
-41.0552,34.3467,-65.551
-33.6743,28.0473,-73.1365
-23.2534,20.5934,-77.5504
-14.2356,18.5618,-77.5358
-12.2186,19.3803,-76.7027
-9.95323,19.2049,-77.2727
-11.064,19.2049,-77.5358
-26.2789,14.9956,-76.2642
-39.696,16.9103,-70.9588
-48.6261,15.0102,-62.8179
-52.0462,13.4756,-57.834
-54.7062,14.3818,-54.0924
-57.9801,16.0918,-41.2014
-57.644,18.2257,-24.1011
-41.4352,20.988,-1.79772
-26.3227,23.5019,5.02777
-18.898,20.9588,6.24086
-10.4209,19.7749,6.10932
-0.920783,18.3864,3.88775
11.3709,16.691,-4.00468
20.5642,14.5425,-13.4464
25.3435,15.0687,-25.4604
27.0389,14.7179,-36.7583
26.1912,15.6387,-45.4253
22.7419,14.4256,-52.66
17.0126,15.6679,-62.5256
8.93014,16.7787,-70.0964
0.146156,18.4449,-74.7734
-7.00088,18.6203,-76.7319
-8.9009,20.418,-77.8573
-10.3332,26.4835,-76.6735
-8.38936,25.285,-76.2935
-9.03244,23.1657,-76.5127
-10.9032,23.8234,-77.1412
-13.9579,20.1695,-77.8719
-17.1441,18.401,-78.8658
-18.1964,16.501,-78.9243
-23.7504,13.4171,-78.4566
-27.1704,12.9202,-76.6296
-29.6258,13.6364,-76.3373
-30.8389,15.1272,-76.1619
-28.6904,16.7056,-76.1765
-35.2236,17.0272,-74.4373
-47.0038,15.4779,-65.3902
-56.387,16.4279,-52.5723
-60.0701,18.2257,-37.109
-58.4332,18.9564,-22.4934
-52.9669,18.8834,-12.4233
-48.2023,18.898,-5.51008
-40.7337,17.6264,-0.292312
-26.8196,16.3695,5.70009
-10.3332,18.898,6.66472
4.98392,21.2219,0.570009
14.7618,20.0526,-7.41011
21.0757,20.7395,-17.188
25.9719,19.2634,-37.5621
24.9488,17.3049,-47.0476
21.368,17.1149,-54.1654
15.3464,16.121,-63.3879
8.75475,18.138,-70.1257
-1.57849,20.4326,-74.8027
-10.5232,21.4703,-77.1704
-17.8456,20.0965,-78.515
-25.8842,20.1549,-77.6673
-32.1543,18.591,-76.425
-33.1043,18.6349,-75.2704
-33.6597,19.8188,-75.3434
-28.1789,19.9649,-76.5858
-28.252,22.7127,-76.6296
-23.8673,29.9328,-75.8842
-24.2181,31.3505,-74.9488
-21.5434,34.1128,-74.3934
-16.7787,33.0751,-75.475
-14.3087,36.9044,-73.1657
-11.9263,37.6206,-72.2157
-8.82782,36.9775,-72.2742
-6.89857,34.9021,-72.6688
-9.29552,31.9936,-74.7734
-11.4586,24.1596,-77.4481
-9.06168,18.2549,-77.5796
-10.0555,12.6571,-77.4189
-9.99707,10.1725,-77.2581
-10.4063,7.81935,-76.4981
-12.8763,7.46857,-77.1265
-17.0126,6.57702,-76.615
-21.4703,6.1824,-76.5565
-27.7989,7.48319,-76.0304
-30.7805,12.2625,-76.0304
-33.309,16.1502,-74.9927
-33.879,16.5303,-75.8989
-33.4259,16.0041,-75.1388
-34.4928,18.1526,-75.0365
-33.309,17.641,-75.7965
-30.3128,11.824,-75.6212
-25.855,-5.17392,-70.2572
-22.7565,-23.8527,-36.1882
-23.4434,-15.9164,-10.3332
-23.5896,-4.83776,0.073078
-26.1912,7.61473,4.35545
-29.962,15.1272,3.56621
-32.0374,21.7919,3.44928
-29.3189,29.8597,1.98772
-30.6051,40.9968,-3.8439
-32.812,48.2023,-11.3856
-36.4513,52.1777,-22.4934
-39.8275,53.8147,-36.8605
-40.5291,50.3508,-49.1523
-42.7507,41.786,-59.8655
-38.3952,29.9474,-70.6518
-30.4151,27.1558,-74.2473
-35.8813,25.0365,-72.7419
-47.9246,23.2388,-64.2064
-58.3455,16.3549,-46.1122
-57.0447,12.2625,-20.4911
-44.4899,11.0932,-3.59544
-32.622,11.3125,3.47851
-20.1842,14.0018,6.50394
-10.0409,20.3742,6.3724
-2.73312,20.3303,4.32622
-1.97311,19.4826,4.28237
-1.30079,20.038,4.26776
-1.43233,22.5373,3.15697
-5.18854,29.6112,2.83543
-14.1625,31.2043,4.51622
-16.3841,28.5589,5.39316
-19.5265,27.5797,5.72932
-24.525,25.6358,5.80239
-26.4981,23.1657,5.84624
-30.1374,19.8772,4.82315
-25.7673,14.8495,6.72318
-26.4396,11.254,5.32008
-26.9512,5.49547,4.26776
-24.0865,2.14849,3.47851
-18.2841,-2.45542,1.65156
-12.0286,-0.862321,3.47851
-2.76235,4.22391,2.87927
-1.7831,8.76936,4.18006
0.423852,13.6217,4.38468
1.19848,13.9579,4.06314
0.175387,15.9456,4.57468
-0.613856,15.7264,5.49547
-1.43233,8.33089,4.07775
0.277696,-2.44081,-1.16925
-0.59924,-15.9164,-13.3587
-3.43467,-22.7273,-29.4212
-4.3116,-22.2742,-39.6667
-5.94855,-17.4364,-56.2262
-7.32242,-6.24086,-67.9918
-9.14937,6.6501,-75.2411
-13.4756,21.8649,-77.5504
-11.8679,33.0313,-73.648
-12.1456,37.5183,-70.6811
-14.031,40.8799,-69.8626
-12.4671,47.0623,-63.6071
-10.4209,50.5408,-59.1786
-6.3724,53.347,-51.7831
-1.68079,54.4577,-38.0883
1.60772,51.8562,-25.8404
3.31774,46.463,-16.0772
3.59544,37.8398,-5.64162
-0.496931,27.5358,2.67466
0.175387,22.3911,2.85004
-1.46156,19.6288,3.53698
-2.95235,16.7933,4.7793
-2.00234,18.9418,4.13622
-2.47004,17.188,4.45776
-2.74773,16.2672,4.89623
0.745396,15.3318,2.58696
8.25782,13.4317,-1.47618
15.9895,13.154,-9.77784
21.748,12.511,-19.8041
24.5688,13.9287,-30.6928
23.8381,18.3718,-43.7884
19.9941,21.7334,-54.9693
11.2686,20.7542,-65.2441
-0.467699,21.7919,-73.8965
-27.2727,22.0549,-76.8342
-39.2283,22.0111,-71.0464
-47.4276,19.4388,-65.3756
-54.0777,17.568,-56.8986
-58.2286,14.6595,-46.843
-59.5001,14.5425,-39.7544
-58.8717,13.3733,-25.8112
-48.8015,12.0725,-7.19088
-32.6805,11.634,4.61853
-17.9772,12.2186,7.04472
-3.12774,11.2686,4.61853
2.85004,12.8763,1.35925
5.62701,17.1149,1.38848
3.50774,18.4449,3.1862
2.7185,18.6641,2.85004
5.62701,22.8003,0.482315
7.33703,30.7366,-4.00468
9.33937,36.6121,-9.00321
9.71938,40.9822,-15.3902
8.56475,46.1122,-21.7626
5.49547,51.1108,-29.0412
-11.6486,56.6939,-45.5422
-14.0018,54.9108,-52.0316
-17.7287,53.6246,-55.3931
-17.9626,54.107,-55.8901
-15.7556,54.5162,-54.6478
-14.9225,54.3993,-53.3908
-17.8456,53.9608,-55.437
-17.2318,54.1654,-55.5247
-15.4049,53.8439,-55.4808
-13.5633,53.8439,-55.7878
-9.29552,53.0254,-54.6039
-8.95937,53.1277,-54.6331
-9.58784,52.9377,-54.6478
-9.44168,53.347,-54.2823
-8.41859,53.6393,-53.3762
-9.38322,53.2593,-54.0193
-10.9763,54.6624,-53.0985
-12.774,53.8,-54.1654
-13.7387,54.3116,-53.727
-9.99707,52.66,-55.4808
-10.6402,53.2447,-55.1301
-10.7425,52.9962,-55.437
-11.3856,53.4493,-55.3201
-11.0786,53.2885,-55.247
-11.1663,54.0193,-54.5893
-12.1017,53.9901,-55.3639
-12.8763,53.7854,-54.7208
-12.8325,54.0339,-54.5601
-13.0225,53.347,-55.0862
-12.9348,54.0777,-54.9254
-15.171,53.1716,-56.8401
-15.551,53.4639,-56.1093
-15.4925,54.18,-53.9901
-14.6156,54.4724,-54.0924
-13.7679,54.1216,-55.6855
-12.5987,54.2093,-54.3993
-12.1602,54.3116,-54.8085
-12.5256,52.7769,-56.5916
-14.9225,49.2692,-62.8179
-13.9433,41.9176,-69.6726
-13.0079,29.2751,-76.1327
-12.8471,16.7641,-78.1204
-13.7825,7.26395,-76.7904
-13.6071,-2.23619,-72.7126
-15.1856,-7.71704,-69.9503
-14.4987,-16.8956,-60.7279
-13.4025,-21.5288,-51.6369
-14.9371,-25.1388,-37.5913
-12.0286,-24.6419,-31.8766
-11.3709,-23.3996,-24.145
-11.5756,-20.3011,-16.8956
-8.34551,-10.8155,-5.93394
-5.40777,5.61239,3.77083
-6.29933,22.9757,5.057
-8.81321,41.9614,-3.17159
-11.1225,52.2946,-14.9225
-12.964,56.6793,-23.0488
-14.5425,58.6963,-31.6282
-14.8202,58.5647,-37.5621
-12.5694,57.4393,-43.7153
-12.394,56.2262,-48.7723
-13.461,55.3639,-50.9208
-16.0479,54.6331,-54.3847
-10.9179,55.2908,-49.7369
-9.85092,56.2993,-46.5361
-0.423852,54.1947,-41.7276
2.44081,53.3177,-37.7521
3.85852,52.3969,-34.2736
1.4031,53.8585,-34.5951
2.22157,52.6308,-35.7206
4.07775,50.7454,-28.0912
2.29465,52.4408,-44.0514
0.657702,47.4423,-58.3309
-3.17159,38.5267,-68.5034
-4.32622,30.2689,-73.955
-2.68927,16.2233,-76.1912
-1.33002,-1.16925,-70.7395
-1.97311,-16.7056,-54.2677
-0.306928,-20.7688,-33.0751
-1.38848,-17.5533,-19.1318
-1.46156,-6.66472,-4.42853
-1.82695,1.95849,0.321543
-3.28851,11.0494,3.62467
-5.3347,21.0903,4.22391
-4.19468,30.3712,2.98158
-4.95469,36.919,-0.292312
-6.16779,46.3461,-7.32242
-2.39696,50.0585,-15.2441
1.03771,52.7477,-24.7881
0.818474,54.297,-30.7366
1.5931,54.0193,-36.0859
-3.6539,55.5247,-29.2458
-8.47705,55.4662,-21.5872
-14.1625,54.9985,-17.5387
-17.3341,54.7208,-16.4133
-21.6311,54.9547,-16.1356
-19.9649,55.4516,-15.9895
-20.1257,54.4577,-14.8933
-19.848,53.04,-13.3879
-17.1003,55.1155,-17.261
-12.1894,54.4285,-16.501
-4.38468,50.3361,-12.1894
6.12394,42.0783,-10.1871
13.2125,31.2774,-9.22245
15.4195,18.0357,-7.76089
13.7825,8.0532,-6.34317
12.891,-3.58082,-12.3648
7.19088,-14.601,-19.2926
-0.350775,-20.1549,-23.2388
-9.10552,-21.2511,-23.1804
-23.078,-20.9149,-21.1342
-28.2081,-19.7311,-21.8649
-38.3513,-14.981,-22.6396
-47.4715,-8.2432,-24.8465
-55.3347,3.7416,-25.6796
-59.1055,16.2087,-27.6089
-57.7024,31.1605,-31.8036
-49.8246,46.0538,-32.0082
-37.489,55.2178,-28.6466
-29.962,56.5916,-24.4227
-25.1388,55.9924,-20.4765
-20.3011,57.0593,-20.9296
-20.1842,55.5393,-18.1672
-25.5481,55.7585,-20.5934
-29.9328,53.727,-17.1149
-32.6074,50.9062,-15.5218
-33.0459,52.5285,-18.401
-31.8328,53.3324,-19.468
-31.3651,53.6539,-19.6726
-29.772,55.2324,-21.2949
-27.9158,54.18,-20.418
-26.2642,55.3347,-20.9003
-29.9912,55.2762,-21.9088
-33.7767,55.5247,-27.565
-34.8875,55.4516,-29.2458
-35.0336,55.5101,-33.1336
-34.0251,55.5539,-38.4683
-34.0982,55.8901,-39.0675
-33.0605,55.7878,-40.6168
-29.8597,55.8316,-46.6384
-26.1912,55.0862,-50.19
-25.2411,54.7793,-52.1485
-25.5773,54.3993,-52.6454
-23.0342,54.487,-52.9377
-24.2619,54.6916,-53.9024
-32.7828,54.4431,-46.4338
-36.3198,54.7793,-36.6852
-36.1006,55.0278,-39.4767
-35.3405,55.0132,-36.7436
-32.242,56.5332,-34.5513
-34.0251,53.6977,-22.5227
-35.1651,37.2259,-3.63929
-31.3651,18.0064,4.01929
-35.6475,-2.03157,-5.21777
-37.5621,-13.081,-19.5557
-38.7752,-15.7264,-34.9459
-36.4221,-15.9456,-46.7553
-31.7451,-14.4694,-53.42
-28.7635,-9.06168,-63.724
-23.4727,2.82081,-73.1803
-18.7957,16.8518,-76.805
-21.0172,27.8281,-76.4981
-24.3788,43.0722,-69.1464
-28.8074,55.1885,-54.0631
-30.9705,59.164,-38.3075
-31.7889,58.8863,-29.5235
-31.1897,56.7962,-23.1804
-26.4689,54.1216,-16.9395
-20.6518,53.0254,-14.0894
-13.7971,53.23,-13.4317
-10.5525,52.3823,-14.3671
-2.93774,52.2362,-20.1988
1.14002,51.827,-25.3873
0.423852,52.3385,-26.9658
-2.28003,54.1508,-29.6843
1.35925,52.6308,-33.0897
0.277696,53.4639,-38.176
5.42239,47.5884,-49.9708
3.39082,46.653,-54.6478
-3.11312,50.5992,-53.8877
-9.76323,53.1716,-54.3116
-19.9941,54.2531,-54.4285
-23.8381,53.157,-56.9863
-23.2534,51.3008,-59.1786
-19.9795,52.3092,-58.5063
-21.6311,54.4285,-54.5454
-22.7565,55.3639,-51.8708
-25.8696,55.4078,-52.4408
-25.5627,56.0216,-50.76
-34.829,56.9424,-39.7398
-33.4113,56.9132,-36.6267
-33.2213,56.2701,-35.0044
-32.4905,56.6355,-38.6729
-34.5513,56.2847,-38.4098
-35.3551,55.9632,-40.2806
-40.2368,53.3616,-40.1344
-53.6246,39.7691,-40.7483
-57.9801,29.0997,-39.2575
-55.1155,38.1321,-39.0675
-32.0813,57.3662,-36.5682
-4.76469,56.1239,-33.192
22.0257,32.622,-35.3259
24.6712,8.50628,-34.5221
17.7872,-8.95937,-36.5975
2.87927,-20.1695,-33.7767
-13.0371,-23.9842,-37.5621
-34.4344,-19.1757,-34.5074
-51.8123,-3.40544,-30.0643
-59.2663,19.1026,-33.5574
-53.9608,40.5291,-33.6597
-50.4531,44.6068,-32.9582
-37.2552,55.3931,-31.8913
-33.762,55.7147,-27.7843
-57.1324,21.8357,-22.0988
-41.5522,-12.9787,-25.3435
-19.5849,-23.5165,-30.6635
-5.78778,-22.8588,-32.0666
-1.94388,-21.7334,-36.0859
-6.29933,-21.5288,-43.9053
-14.2794,-21.1196,-48.3192
-20.6372,-20.5934,-48.8454
-21.8796,-20.5057,-49.8977
-26.4981,-20.5203,-43.9491
-31.0435,-20.2719,-33.3382
-29.1874,-19.5557,-25.5773
-21.7773,-19.9503,-19.2341
-14.5425,-19.3072,-16.9395
-14.031,-20.3742,-18.9272
-16.1649,-21.9819,-25.0219
-6.44548,-22.3034,-30.6197
-8.37474,-23.5165,-36.2467
-7.42473,-23.195,-41.4937
-11.2102,-23.1073,-40.6314
-13.2417,-22.6542,-38.7314
-16.5595,-21.5872,-43.2476
-16.501,-21.4411,-44.6799
-14.0748,-19.5849,-50.7015
